Comment,Sentiment,Category,Key Themes
The delivery was fast but packaging damaged.,Neutral,Delivery,"fast delivery,damaged packaging"
"Great customer service, very helpful!",Positive,Customer Service,"great customer service, very helpful"
I received the wrong item.,Negative,Delivery,"wrong item,received"
The product quality exceeded my expectations.,Positive,Product Quality,"exceeded expectations, quality"
"I had an issue, but it was resolved promptly.",Positive,Customer Service,"issue resolved,promptly"
The website is user-friendly and easy to navigate.,Positive,Website Experience,"user-friendly, easy to navigate"
"The item arrived late, but customer service was responsive.",Neutral,"Delivery, Customer Service","item arrived late, customer service responsive"
"I love the design, but the material feels cheap.",Neutral,Product Quality,"design, material quality"
The instructions were clear and easy to follow.,Positive,Product Quality,"clear instructions,easy to follow"
I had trouble with the payment process.,Negative,Payment Process,trouble with payment
The colors are vibrant and true to the pictures.,Positive,Product Quality,"vibrant colors, true to pictures"
I received excellent assistance in-store.,Positive,Customer Service,"excellent assistance,in-store"
The product stopped working after a week.,Negative,Product Quality,"product stopped working, durability concern"
The return process was hassle-free.,Positive,Customer Service,"return process, hassle-free"
I appreciate the eco-friendly packaging.,Positive,Packaging,eco-friendly packaging
The size chart was accurate.,Positive,Product Quality,"size chart, accurate"
I found a better price elsewhere.,Negative,Pricing,"better price, elsewhere"
The customer service representative was rude.,Negative,Customer Service,rude representative
The product matches the description perfectly.,Positive,Product Quality,"product matches,description,perfectly"
I had to wait on hold for too long.,Negative,Customer Service,"wait on hold,too long"
The app is convenient and works well.,Positive,App Experience,"convenient, works well"
The product has a strong odor.,Negative,Product Quality,"strong odor, product issue"
I would recommend this to my friends and family.,Positive,Recommendation,"recommend, friends, family"
我喜欢这件商品,Positive,Product Quality,"喜欢, 商品"
